{
  "project_info": {
    "project_number": "103390354267",
    "project_id": "notification-206e8",
    "storage_bucket": "notification-206e8.firebasestorage.app"
  },
  "client": [
    {
      "client_info": {
        "mobilesdk_app_id": "1:103390354267:android:e065409af4b328c2e9187e",
        "android_client_info": {
          "package_name": "com.example.my_application"
        }
      },
      "oauth_client": [],
      "api_key": [
        {
          "current_key": "AIzaSyB9CFyDmCPTyM3MjFa0-B5D6ws3WgJSYl4"
        }
      ],
      "services": {
        "appinvite_service": {
          "other_platform_oauth_client": []
        }
      }
    },
    {
      "client_info": {
        "mobilesdk_app_id": "1:103390354267:android:7d30cb7a7ce23c35e9187e",
        "android_client_info": {
          "package_name": "com.example.myapplication"
        }
      },
      "oauth_client": [],
      "api_key": [
        {
          "current_key": "AIzaSyB9CFyDmCPTyM3MjFa0-B5D6ws3WgJSYl4"
        }
      ],
      "services": {
        "appinvite_service": {
          "other_platform_oauth_client": []
        }
      }
    }
  ],
  "configuration_version": "1"
}